[
  {
    "timestamp": "2025-07-12T15:05:19.343Z",
    "level": "INFO",
    "message": "Bot started successfully. Slash commands registered.",
    "discordUserId": null,
    "id": 40
  },
  {
    "timestamp": "2025-07-12T15:04:53.452Z",
    "level": "INFO",
    "message": "Logs channel set to 1393572376742072370 by admin: official_luna123#0",
    "discordUserId": "1314723072695341059",
    "id": 39
  },
  {
    "timestamp": "2025-07-12T15:04:41.328Z",
    "level": "INFO",
    "message": "Year key generated by VIP official_luna123#0: PrismYEAR - 7TXW - 3CFQ - 8IME - WJOV - 2VCK - 1NAQ - MU7B",
    "discordUserId": "1314723072695341059",
    "id": 38
  },
  {
    "timestamp": "2025-07-12T15:04:35.323Z",
    "level": "INFO",
    "message": "Month key generated by VIP official_luna123#0: PrismVIP - TWPF - PQLO - K44F - 5568 - V9FW - PKY",
    "discordUserId": "1314723072695341059",
    "id": 37
  },
  {
    "timestamp": "2025-07-12T15:04:16.821Z",
    "level": "INFO",
    "message": "Logs channel set to 1393572376742072370 by admin: official_luna123#0",
    "discordUserId": "1314723072695341059",
    "id": 36
  },
  {
    "timestamp": "2025-07-12T15:03:57.750Z",
    "level": "INFO",
    "message": "Bot started successfully. Slash commands registered.",
    "discordUserId": null,
    "id": 35
  },
  {
    "timestamp": "2025-07-12T14:51:34.704Z",
    "level": "INFO",
    "message": "Bot started successfully. Slash commands registered.",
    "discordUserId": null,
    "id": 34
  },
  {
    "timestamp": "2025-07-12T14:13:24.812Z",
    "level": "INFO",
    "message": "Bot started successfully. Slash commands registered.",
    "discordUserId": null,
    "id": 33
  },
  {
    "timestamp": "2025-07-12T13:58:54.976Z",
    "level": "INFO",
    "message": "Bot started successfully. Slash commands registered.",
    "discordUserId": null,
    "id": 32
  },
  {
    "timestamp": "2025-07-12T13:17:10.368Z",
    "level": "INFO",
    "message": "Lifetime key generated by VIP official_luna123#0: PrismLIFE - WFBF - CXW2 - 8T9Y - L360 - 6BBO - H7V1 - YWB9 - SKJ9EQB",
    "discordUserId": "1314723072695341059",
    "id": 31
  },
  {
    "timestamp": "2025-07-12T13:16:52.492Z",
    "level": "INFO",
    "message": "Logs channel set to 1393572376742072370 by admin: official_luna123#0",
    "discordUserId": "1314723072695341059",
    "id": 30
  },
  {
    "timestamp": "2025-07-12T13:16:45.349Z",
    "level": "INFO",
    "message": "Bot started successfully. Slash commands registered.",
    "discordUserId": null,
    "id": 29
  },
  {
    "timestamp": "2025-07-12T13:16:27.761Z",
    "level": "INFO",
    "message": "Lifetime key generated by VIP official_luna123#0: PrismLIFE - JZH7 - G8WI - 3DVA - CBVO - WS9W - PBAA - 1OG5 - RNR3PNA",
    "discordUserId": "1314723072695341059",
    "id": 28
  },
  {
    "timestamp": "2025-07-12T13:14:05.106Z",
    "level": "INFO",
    "message": "Bot started successfully. Slash commands registered.",
    "discordUserId": null,
    "id": 27
  },
  {
    "timestamp": "2025-07-12T13:13:52.405Z",
    "level": "INFO",
    "message": "Logs channel set to 1393572376742072370 by admin: official_luna123#0",
    "discordUserId": "1314723072695341059",
    "id": 26
  },
  {
    "timestamp": "2025-07-12T13:11:03.065Z",
    "level": "INFO",
    "message": "Bot started successfully. Slash commands registered.",
    "discordUserId": null,
    "id": 25
  },
  {
    "timestamp": "2025-07-12T13:10:44.946Z",
    "level": "INFO",
    "message": "Month key generated by VIP official_luna123#0: PrismVIP - CJEG - WDDU - 092X - GX7G - C9OM - B8G",
    "discordUserId": "1314723072695341059",
    "id": 24
  },
  {
    "timestamp": "2025-07-12T13:10:36.574Z",
    "level": "INFO",
    "message": "Logs channel set to 1393572376742072370 by admin: official_luna123#0",
    "discordUserId": "1314723072695341059",
    "id": 23
  },
  {
    "timestamp": "2025-07-12T13:08:26.753Z",
    "level": "INFO",
    "message": "Month key generated by VIP official_luna123#0: PrismVIP - 1EDF - 6NZY - NFW1 - 9OK6 - AXK6 - CLN",
    "discordUserId": "1314723072695341059",
    "id": 22
  },
  {
    "timestamp": "2025-07-12T13:07:56.398Z",
    "level": "INFO",
    "message": "Bot started successfully. Slash commands registered.",
    "discordUserId": null,
    "id": 21
  },
  {
    "timestamp": "2025-07-12T13:04:33.885Z",
    "level": "INFO",
    "message": "Bot started successfully. Slash commands registered.",
    "discordUserId": null,
    "id": 20
  },
  {
    "timestamp": "2025-07-12T13:03:56.460Z",
    "level": "INFO",
    "message": "Bot started successfully. Slash commands registered.",
    "discordUserId": null,
    "id": 19
  },
  {
    "timestamp": "2025-07-12T12:59:58.570Z",
    "level": "INFO",
    "message": "New key generated for official_luna123#0: PrismKey - 92U7 - IZRN - 3G3W - ZUVJ",
    "discordUserId": "1314723072695341059",
    "id": 18
  },
  {
    "timestamp": "2025-07-12T12:59:43.392Z",
    "level": "INFO",
    "message": "Logs channel set to 1393572376742072370 by admin: official_luna123#0",
    "discordUserId": "1314723072695341059",
    "id": 17
  },
  {
    "timestamp": "2025-07-12T12:55:40.176Z",
    "level": "INFO",
    "message": "Bot started successfully. Slash commands registered.",
    "discordUserId": null,
    "id": 16
  },
  {
    "timestamp": "2025-07-12T12:51:33.247Z",
    "level": "ERROR",
    "message": "Setup logs command failed for official_luna123#0: DiscordAPIError[10062]: Unknown interaction",
    "discordUserId": "1314723072695341059",
    "id": 15
  },
  {
    "timestamp": "2025-07-12T12:51:06.384Z",
    "level": "INFO",
    "message": "Bot started successfully. Slash commands registered.",
    "discordUserId": null,
    "id": 14
  },
  {
    "timestamp": "2025-07-12T12:39:35.659Z",
    "level": "INFO",
    "message": "Existing key returned for official_luna123#0: PrismKey - LBSX - 0GFM - BPNC - 5TQ0",
    "discordUserId": "1314723072695341059",
    "id": 13
  },
  {
    "timestamp": "2025-07-12T12:39:30.625Z",
    "level": "INFO",
    "message": "New key generated for official_luna123#0: PrismKey - LBSX - 0GFM - BPNC - 5TQ0",
    "discordUserId": "1314723072695341059",
    "id": 12
  },
  {
    "timestamp": "2025-07-12T12:38:47.102Z",
    "level": "INFO",
    "message": "Bot started successfully. Slash commands registered.",
    "discordUserId": null,
    "id": 11
  },
  {
    "timestamp": "2025-07-12T12:38:08.013Z",
    "level": "INFO",
    "message": "Bot started successfully. Slash commands registered.",
    "discordUserId": null,
    "id": 10
  },
  {
    "timestamp": "2025-07-12T12:34:00.510Z",
    "level": "INFO",
    "message": "Bot started successfully. Slash commands registered.",
    "discordUserId": null,
    "id": 9
  },
  {
    "timestamp": "2025-07-12T12:30:47.055Z",
    "level": "INFO",
    "message": "Existing key returned for official_luna123#0: PrismKey - WV16 - 0E6M - 2ZM2 - H0QI",
    "discordUserId": "1314723072695341059",
    "id": 8
  },
  {
    "timestamp": "2025-07-12T12:30:42.545Z",
    "level": "INFO",
    "message": "New key generated for official_luna123#0: PrismKey - WV16 - 0E6M - 2ZM2 - H0QI",
    "discordUserId": "1314723072695341059",
    "id": 7
  },
  {
    "timestamp": "2025-07-12T12:30:25.346Z",
    "level": "INFO",
    "message": "Bot started successfully. Slash commands registered.",
    "discordUserId": null,
    "id": 6
  },
  {
    "timestamp": "2025-07-12T12:30:18.360Z",
    "level": "INFO",
    "message": "Key generated for official_luna123#0: PrismKey - M0NM - 0D7M - OII3 - B5DO",
    "discordUserId": "1314723072695341059",
    "id": 5
  },
  {
    "timestamp": "2025-07-12T12:30:12.270Z",
    "level": "INFO",
    "message": "Key generated for official_luna123#0: PrismKey - 7X03 - REBF - UKXY - 7PWY",
    "discordUserId": "1314723072695341059",
    "id": 4
  },
  {
    "timestamp": "2025-07-12T12:27:31.934Z",
    "level": "INFO",
    "message": "Key generated for official_luna123#0: PrismKey - JEXA - 71SY - V1ZQ - H0HK",
    "discordUserId": "1314723072695341059",
    "id": 3
  },
  {
    "timestamp": "2025-07-12T12:26:34.236Z",
    "level": "INFO",
    "message": "Bot started successfully. Slash commands registered.",
    "discordUserId": null,
    "id": 2
  },
  {
    "timestamp": "2025-07-12T12:26:09.661Z",
    "level": "INFO",
    "message": "Bot started successfully. Slash commands registered.",
    "discordUserId": null,
    "id": 1
  },
  {
    "timestamp": "2025-07-12T15:05:53.339Z",
    "level": "INFO",
    "message": "Logs channel set to 1393572376742072370 by admin: official_luna123#0",
    "discordUserId": "1314723072695341059",
    "id": 41
  }
]